{"cameraMode":{"drawMode":0,"name":"Shaded","section":"Shading Mode"},"sceneLighting":true,"audioPlay":false,"sceneViewState":{"m_AlwaysRefresh":false,"showFog":true,"showSkybox":true,"showFlares":true,"showImageEffects":true,"showParticleSystems":true,"showVisualEffectGraphs":true,"m_FxEnabled":true},"in2DMode":false,"pivot":{"x":7.117714881896973,"y":5.5016608238220219,"z":32.827362060546878},"rotation":{"x":0.05092627555131912,"y":0.04492608457803726,"z":-0.0022933133877813818,"w":0.9976913928985596},"size":28.3111572265625,"orthographic":false}